English,11110001
English,11110002
English,11110003
English,11110004
English,11110005
English,11110006
German,11110007
Swedish,11110008
German,11110009
English,11110010
English,11110011
Japanese,11110012
English,11110012
English,11110013
English,11110014
English,11110015
German,11110016
English,11110016
English,11110017
English,11110018
English,11110019
English,11110020
English,11110021
Japanese,11110022
English,11110022
English,11110023
English,11110024
English,11110025
English,11110026
English,11110027
Italian,11110028
English,11110029
English,11110030
Portuguese,11110031
English,11110031
English,11110032
French,11110033
Taiwanese,11110034
English,11110034
English,11110035
English,11110036
English,11110037
English,11110038
English,11110039
English,11110040
English,11110041
English,11110042
English,11110043
English,11110044
English,11110045
English,11110046
English,11110047
English,11110048
English,11110049
French,11110050