3 Mills Studio,11110001
ABC studio,11110002
Black Studio,11110003
Catford Studio,11110004
Fox Studio,11110005
SCE JAPAN Studio,11110006
Sony Entertainment,11110007
Universal Studio,11110008
Wild Bunch,11110009
3 Mills Studio,11110010
ABC studio,11110011
Black Studio,11110012
Catford Studio,11110013
Fox Studio,11110014
SCE JAPAN Studio,11110015
Sony Entertainment,11110016
Universal Studio,11110017
Wild Bunch,11110018
3 Mills Studio,11110019
ABC studio,11110020
Black Studio,11110021
Catford Studio,11110022
Fox Studio,11110023
SCE JAPAN Studio,11110024
Sony Entertainment,11110025
Universal Studio,11110026
Wild Bunch,11110027
3 Mills Studio,11110028
ABC studio,11110029
Black Studio,11110030
Catford Studio,11110031
Fox Studio,11110032
SCE JAPAN Studio,11110033
Sony Entertainment,11110034
Universal Studio,11110035
Wild Bunch,11110036
3 Mills Studio,11110037
ABC studio,11110038
Black Studio,11110039
Catford Studio,11110040
Fox Studio,11110041
SCE JAPAN Studio,11110042
Sony Entertainment,11110043
Universal Studio,11110044
Wild Bunch,11110045
3 Mills Studio,11110046
ABC studio,11110047
Black Studio,11110048
Catford Studio,11110049
Fox Studio,11110050
